,SL,Name,Photo,Campus,School,,Dept,Email,Mobile,Designation
,1,AA1,,Belur Campus,School of Mathematical Sciences,,PHYS,1234,1234,Associate Professor
,2,AA2,,Belur Campus,,,PHYS,1235,1235,Laboratory cum Teaching Assistant
,3,AA3,,Belur Campus,,,KITG,1236,1236,Garden Helper
,4,AA4,,Belur Campus,School of Mathematical Sciences,,MATHS,1237,1237,Assistant Professor
,5,AA5,,Belur Campus,School of Mathematical Sciences,,PHYS,1238,1238,Assistant Professor
,6,AA6,,Belur Campus,School of Mathematical Sciences,,PHYS,1239,1239,Assistant Professor
,7,AA7,,Belur Campus,School of Rehabilitation and Sports Science,,SSYOGA,1240,1240,Assistant Professor
,8,AA8,,Belur Campus,School of Rehabilitation and Sports Science,,SSYOGA,1241,1241,Assistant Professor
,9,AA9,,Belur Campus,School of Mathematical Sciences,,MATHS,1242,1242,Associate Professor & Head
,10,AA10,,Belur Campus,School of Mathematical Sciences,,PHYS,1243,1243,Assistant Professor
,11,AA11,,Belur Campus,,,DTC,1244,1244,Computer Technician
,12,AA12,,Belur Campus,,,CLM,1245,1245,Darwan-Guard
,13,AA13,,Belur Campus,,,KITG,1246,1246,Kitchen Helper
,14,AA14,,Belur Campus,,,HQ,1247,1247,Multi-tasking Staff cum Driver
,15,AA15,,Belur Campus,,,COMPSC,1248,1248,Computer Hardware Technician
,16,AA16,,Belur Campus,School of Mathematical Sciences,,PHYS,1249,1249,Professor
,17,AA17,,Belur Campus,School of Mathematical Sciences,,PHYS,1250,1250,Assistant Professor
,18,AA18,,Belur Campus,,,PHYS,1251,1251,Asst. Professor and Asst. Registrar
,19,AA19,,Belur Campus,School of Mathematical Sciences,,COMPSC,1252,1252,Assistant Professor
,20,AA20,,Belur Campus,,,SANS,1253,1253,Teaching cum Technical Assistant
,21,AA21,,Belur Campus,,,HQ,1254,1254,Sasya Shyamala KVK Assistant
,22,AA22,,Belur Campus,,,HQ,1255,1255,Multi-tasking Staff
,23,AA23,,Belur Campus,,,KITG,1256,1256,Kitchen Helper
,24,AA24,,Belur Campus,,,BELAC,1257,1257,Accounts Assistant
,25,AA25,,Belur Campus,School of Mathematical Sciences,,MATHS,1258,1258,Associate Professor
,26,AA26,,Belur Campus,,,BELAC,1259,1259,Accountant cum Office Assistant
,27,AA27,,Belur Campus,,,HQ,1260,1260,Assistant Professor
,28,AA28,,Belur Campus,,,HQ,1261,1261,Office Assistant cum Driver
,29,AA29,,Belur Campus,School of Indian Heritage,,SANS,1262,1262,Research Fellow and Teaching Assistant
,30,AA30,,Belur Campus,,,HQ,1263,1263,Office Assistant cum Driver
,31,AA31,,Belur Campus,School of Indian Heritage,,SANS,1264,1264,Assistant Professor
,32,AA32,,Belur Campus,,,CLM,1265,1265,Driver cum Helper
,33,AA33,,Belur Campus,,,KITG,1266,1266,Garden Helper
,34,AA34,,Belur Campus,,,KITG,1267,1267,Cook cum Helper
,35,AA35,,Belur Campus,School of Indian Heritage,,AIKT,1268,1268,Teaching cum Research Assistant
,36,AA36,,Belur Campus,School of Mathematical Sciences,,COMPSC,1269,1269,Assistant Professor
,37,AA37,,Belur Campus,,,SSYOGA,1270,1270,Associate Professor
,38,AA38,,Belur Campus,,,AIKT,1271,1271,Music Instructor
,39,AA39,,Belur Campus,,,KITG,1272,1272,Helper
,40,AA40,,Belur Campus,,,HQ,1273,1273,Multi-tasking Staff
,41,AA41,,Belur Campus,School of Indian Heritage,,AIKT,1274,1274,Music Instructor
,42,AA42,,Belur Campus,School of Rehabilitation and Sports Science,,SSYOGA,1275,1275,Assistant Professor
,43,AA43,,Belur Campus,School of Indian Heritage,,SANS,1276,1276,Technical Supporting Staff
,44,AA44,,Belur Campus,,,HQ,1277,1277,Multi-tasking Staff
,45,AA45,,Belur Campus,School of Indian Heritage,,SANS,1278,1278,Assistant Professor
,46,AA46,,Belur Campus,School of Indian Heritage,,SANS,1279,1279,Assistant Professor
,47,AA47,,Belur Campus,School of Indian Heritage,,SANS,1280,1280,Assistant Professor
,48,AA48,,Belur Campus,,,MATHS,1281,1281,Helper
,49,AA49,,Belur Campus,,,KITG,1282,1282,Helper
,50,AA50,,Belur Campus,,,SSYOGA,1283,1283,Yoga Trainer
,51,AA51,,Belur Campus,,,CLM,1284,1284,Multi-tasking Staff
,52,AA52,,Belur Campus,School of Indian Heritage,,SANS,1285,1285,Assistant Professor
,53,AA53,,Belur Campus,,,KITG,1286,1286,Helper cum Driver
,54,AA54,,Belur Campus,,,KITG,1287,1287,Kitchen Helper
,55,AA55,,Belur Campus,,,SSYOGA,1288,1288,Professor
,56,AA56,,Belur Campus,School of Mathematical Sciences,,PHYS,1289,1289,Assistant Professor
,57,AA57,,Belur Campus,School of Indian Heritage,,SANS,1290,1290,Technical Supporting Staff
,58,AA58,,Belur Campus,School of Mathematical Sciences,,MATHS,1291,1291,Assistant Professor
,59,AA59,,Belur Campus,,,CLM,1292,1292,Multi-tasking Staff
,60,AA60,,Belur Campus,School of Mathematical Sciences,,PHYS,1293,1293,Assistant Professor
,61,AA61,,Belur Campus,,,BELAC,1294,1294,Accounts Assistant
,62,AA62,,Belur Campus,,,KITG,1295,1295,Cook cum Helper
,63,AA63,,Belur Campus,,,COEHQ,1296,1296,IT Technician
,64,AA64,,Belur Campus,School of Mathematical Sciences,,MATHS,1297,1297,Assistant Professor
,65,AA65,,Belur Campus,School of Indian Heritage,,SANS,1298,1298,Assistant Professor
,66,AA66,,Belur Campus,,,DTC,1299,1299,Computer Programming Assistant
,67,AA67,,Belur Campus,,,LIB,1300,1300,Library Assistant
,68,AA68,,Belur Campus,,,SANS,1301,1301,Monastic Faculty
,69,AA69,,Belur Campus,School of Mathematical Sciences,,COMPSC,1302,1302,Assistant Professor
,70,AA70,,Belur Campus,,,HQ,1303,1303,Office Assistant
,71,AA71,,Belur Campus,,,DTC,1304,1304,IT Technician
,72,AA72,,Belur Campus,School of Mathematical Sciences,,MATHS,1305,1305,Professor
,73,AA73,,Belur Campus,,,SANS,1306,1306,Technical Supporting Staff
,74,AA74,,Belur Campus,School of Rehabilitation and Sports Science,,SSYOGA,1307,1307,Assistant Professor
,75,AA75,,Belur Campus,School of Mathematical Sciences,,COMPSC,1308,1308,Professor
,76,AA76,,Belur Campus,,,KITG,1309,1309,Kitchen Helper
,77,AA77,,Belur Campus,School of Mathematical Sciences,,COMPSC,1310,1310,Assistant Professor
,78,AA78,,Belur Campus,School of Indian Heritage,,SANS,1311,1311,Research and Publication Assistant
,79,AA79,,Belur Campus,School of Indian Heritage,,SANS,1312,1312,Assistant Professor
,80,AA80,,Belur Campus,School of Mathematical Sciences,,MATHS,1313,1313,Professor and Dean
,81,AA81,,Belur Campus,,,LIB,1314,1314,Assistant Helper
,82,AA82,,Belur Campus,,,LIB,1315,1315,Library Assistant
,83,AA83,,Belur Campus,,,HQ,1316,1316,Pro-Chancellor
,84,AA84,,Belur Campus,,,BELAC,1317,1317,Blank
,85,AA85,,Belur Campus,,,CLM,1318,1318,Assistant Secretary - RKMVERI Centre
,86,AA86,,Belur Campus,School of Mathematical Sciences,,COMPSC,1319,1319,Associate Professor & Head
,87,AA87,,Belur Campus,School of Indian Heritage,,SANS,1320,1320,Assistant Professor & HoD
,88,AA88,,Belur Campus,,,COEHQ,1321,1321,Registrar
,89,AA89,,Belur Campus,,,HQ,1322,1322,Monastic Faculty
,90,AA90,,Belur Campus,,,DTC,1323,1323,Head
,91,AA91,,Belur Campus,School of Mathematical Sciences,,COMPSC,1324,1324,Assistant Professor & HoD
,92,AA92,,Belur Campus,School of Indian Heritage,,AIKT,1325,1325,Indian Heritage faculty
,93,AA93,,Belur Campus,,,HQ,1326,1326,Vice Chancellor
,94,AA94,,Belur Campus,,,COEHQ,1327,1327,Asst. Professor & Deputy Controller of Examinations
,95,AA95,,Belur Campus,,,SSYOGA,1328,1328,Asst. Professor and Deputy Registrar
,96,AA96,,Belur Campus,,,SANS,1329,1329,Office Assistant
,97,AA97,,Belur Campus,,,CLM,1330,1330,Darwan-Guard
,98,AA98,,Belur Campus,,,PHYS,1331,1331,Laboratory cum Teaching Assistant
,99,AA99,,Belur Campus,,,KITG,1332,1332,Multi-tasking Staff
,100,AA100,,Belur Campus,,,KITG,1333,1333,Garden Helper
,101,AA101,,Belur Campus,School of Indian Heritage,,SANS,1334,1334,Assistant Professor
,102,AA102,,Belur Campus,,,HQ,1335,1335,Accounts cum Office Assistant
